PassiveSkillGraphId,Name,Datafile Parsing Index
6,Twin Terrors,0
94,Evasion,1
127,Life on Kill and Recoup,2
224,Warcry Cooldown Recovery,3
238,Dexterity,4
265,Claw Critical Strike Chance,5
367,Energy Shield,6
420,Physical and Minion Damage,7
444,Dexterity,8
465,Projectile Damage and Attack Speed,9
476,Strength,10
487,Strength,11
529,Poisonous Fangs,12
544,Surveillance,13
570,Dazzling Strikes,14
651,Elemental Resistances,15
720,Accuracy and Attack Damage,16
739,Cast Speed,17
861,Aggressive Bastion,18
864,Impale Effect with Two Handed Weapons,19
885,Fire Damage,20
903,Movement Speed and Spell Suppression,21
918,Attack Speed,22
930,Bow Damage,23
1006,Potency of Will,24
1031,Intelligence,25
1159,Attack Damage and Attack Speed with Shield,26
1201,Attack Damage,27
1203,Life,28
1252,Knockback Chance,29
1325,Golem's Blood,30
1340,Rampart,31
1346,Spell Critical Strike Chance,32
1382,Spirit Void,33
1405,From the Shadows,34
1427,Chaos Resistance,35
1461,Dexterity,36
1550,Fire Damage and Life Regeneration,37
1568,Fatal Blade,38
1572,Physical Damage Over Time Multiplier,39
1593,Shield Block and Elemental Resistances with a Shield,40
1600,Elemental Damage,41
1609,Minion Life Regeneration,42
1648,Poison Chance,43
1655,Mine Damage,44
1696,Totem Placement Speed and Duration,45
1698,Sword Critical Strike Chance and Multiplier,46
1761,Staff Damage and Armour,47
1767,Life and Energy Shield on Kill,48
1822,Life and Energy Shield,49
1891,Mana,50
1909,Two Handed Melee Damage and Attack Speed,51
1957,Cast Speed,52
2092,Melee Damage and Strike Range,53
2094,Evasion and Life,54
2121,Claw Attack Speed,55
2151,Mana Regeneration and Intelligence,56
2185,Bow Damage and Attack Speed,57
2219,Life Regeneration,58
2225,Eagle Eye,59
2260,Mine Damage,60
2292,Mana and Life,61
2348,Link Mana Cost and Cast Speed,62
2355,Shield Defences,63
2392,Dual Wield Damage and Block,64
2411,Mace Damage and Stun Duration,65
2454,Two Handed Melee Damage,66
2474,Life Recoup,67
2550,Arsonist,68
2715,Quickstep,69
2913,Dexterity,70
2957,Armour,71
2959,Season of Ice,72
3009,Dual Wield Accuracy,73
3167,Life Regeneration,74
3187,Movement Speed and Spell Suppression,75
3309,Fleetfoot,76
3314,Frenzy Charge Duration,77
3319,Shield Block and Block Recovery,78
3359,Curse Cast Speed,79
3362,Claw Attack Speed and Poison Chance,80
3398,Shock Resistance,81
3424,Dagger Damage and Movement Speed,82
3452,Foresight,83
3469,Dexterity,84
3533,Life and Reduced Cost,85
3537,Power Charge Duration,86
3634,Life on Hit,87
3644,Strength,88
3656,Intelligence,89
3676,Flask Charges Gained,90
3863,Dagger Critical Strike Multiplier and Poison Duration,91
3992,Accuracy,92
4011,Dexterity,93
4036,Critical Strike Multiplier,94
4105,Life on Kill and Recoup,95
4177,Spiritual Aid,96
4184,Elemental Damage,97
4207,Window of Opportunity,98
4219,Evasion and Energy Shield,99
4247,Minion Life,100
4270,Brand Duration,101
4300,Totem Damage and Placement Speed,102
4336,Sword Damage,103
4367,Intelligence,104
4378,Life Leech,105
4397,Intelligence,106
4432,Energy Shield,107
4481,Forces of Nature,108
4502,Intelligence,109
4546,Mine Detonation Speed,110
4565,Dual Wield Attack Speed,111
4568,Physical and Minion Damage,112
4573,Evasion and Movement Skill Cooldown Recovery,113
4656,Spell Suppression and Life Flask Recovery,114
4713,Burning Damage Multiplier,115
4750,Totem Attack and Placement Speed,116
4833,Vigour,117
4854,Asylum,118
4940,Cleaving,119
4944,"Armour, Evasion and Onslaught Effect",120
4973,Damage Over Time Multiplier,121
4977,Staff Critical Strike Chance and Multiplier,122
5018,Chance to Poison with Spells,123
5022,Weapon Lightning Damage,124
5065,Maximum Lightning Resistance,125
5068,Mace Critical Strike Chance and Multiplier,126
5103,Life Regeneration and Stun Threshold,127
5126,Spinecruncher,128
5129,Damage Over Time Multiplier,129
5152,Life,130
5197,Life,131
5233,Strength,132
5237,Dexterity,133
5289,Battle Rouse,134
5296,Intelligence,135
5408,Dexterity,136
5430,Magmatic Strikes,137
5456,Might,138
5462,Staff Area of Effect,139
5560,Area of Effect,140
5591,Energy Shield Recharge Rate,141
5612,Physical Attack Damage,142
5613,Physical Damage and Attack and Cast Speed,143
5616,Dexterity,144
5622,Dual Wield Critical Strike Multiplier and Accuracy,145
5629,Claw Damage,146
5743,Life and Energy Shield,147
5802,Dagger Damage and Movement Speed,148
5823,Coordination,149
5875,Cast Speed and Spell Critical Strike Chance,150
5916,Burning Damage Multiplier,151
5935,Aura Area of Effect,152
5972,Cold Damage,153
6043,Maximum Fire Resistance,154
6108,Sword Critical Strike Chance and Multiplier,155
6113,Axe Damage,156
6139,Fortification Gain,157
6204,Mana,158
6233,Blast Waves,159
6237,Precision,160
6245,Chance to Ignite,161
6250,Curse Cast Speed,162
6289,Bloodless,163
6359,Armour and Life,164
6363,Dexterity,165
6383,Spell Suppression and Life Flask Recovery,166
6446,Strength,167
6534,Evasion and Spell Suppression,168
6538,Intelligence,169
6542,Evasion,170
6580,Dexterity,171
6615,Arcing Blows,172
6616,Dual Wield Cast Speed and Movement Skill Cooldown Recovery,173
6633,Mace Damage and Area of Effect,174
6654,Bow Damage and Critical Strike Chance,175
6685,Minion Attack and Cast Speed,176
6712,Life,177
6718,Elemental Resistances,178
6741,Strength,179
6764,Intelligence,180
6770,Arcane Guarding,181
6785,Fire Damage,182
6797,Projectile Damage,183
6799,Charisma,184
6884,Two Handed Melee Damage and Life Leech Speed,185
6913,Bow Damage and Critical Strike Chance,186
6949,Energy Shield and Recovery,187
6967,Safeguard,188
6981,Strength,189
7069,Split Shot,190
7082,Sword Damage,191
7085,Weapon Artistry,192
7092,Physical and Lightning Damage,193
7112,Dexterity,194
7136,Master Sapper,195
7153,Lightning Damage,196
7162,Armour and Elemental Resistances,197
7187,Burning Damage Multiplier with Attacks,198
7263,Swift Venoms,199
7285,Damage with Life Cost Skills and Reduced Life Cost,200
7335,Armour and Life Regeneration,201
7364,Staff Area of Effect,202
7374,Life and Reduced Cost,203
7388,Intelligence,204
7440,Harvester of Foes,205
7444,Intelligence,206
7503,Energy Shield Recharge Rate,207
7555,Crackling Speed,208
7594,Reservation Efficiency,209
7609,Forking Angle,210
7614,Skill Duration,211
7641,Energy Shield and Energy Shield Recharge Rate,212
7659,Marked Enemy Reduced Accuracy,213
7688,Enduring Bond,214
7786,Totem Damage and Attack Speed,215
7828,Melee Attack Speed,216
7898,Minion Area of Effect,217
7903,Block,218
7918,Enigmatic Defence,219
7920,Trap and Mine Throwing Speed,220
7938,Intelligence,221
8001,Clever Thief,222
8012,Life and Mana on Hit,223
8027,Mine Critical Strike Chance and Multiplier,224
8135,Practical Application,225
8198,"Chance to Ignite, Freeze and Shock",226
8302,Power Charge Duration,227
8348,Evasion and Spell Suppression,228
8426,Two Handed Melee Damage and Reduced Enemy Stun Threshold,229
8458,Longshot,230
8500,Mace Damage and Stun Duration,231
8533,Two Handed Melee Damage,232
8544,Dexterity,233
8566,Physical Bow Damage and Stun Threshold,234
8620,Mark Effect,235
8624,Ignite Chance and Duration,236
8640,Dexterity,237
8643,Cast Speed,238
8833,Heart of Ice,239
8879,Weapon Fire Damage,240
8920,Backstabbing,241
8930,Life and Flasks,242
8938,Dexterity,243
8948,Intelligence,244
9009,Movement Speed,245
9015,Dire Torment,246
9055,Volatile Mines,247
9149,Chill and Freeze Resistance,248
9171,Life Leech,249
9194,Merciless Skewering,250
9206,Life,251
9261,Disciple of the Forbidden,252
9262,Sword Damage and Melee Range,253
9294,Physical and Minion Damage,254
9355,Strength,255
9370,Minion Attack and Cast Speed,256
9373,Mana and Flask Effect,257
9386,Life and Energy Shield,258
9392,Aura Effect,259
9432,Mental Rapidity,260
9469,Critical Strike Chance,261
9505,Minion Accuracy,262
9511,Strength,263
9535,Hunter's Gambit,264
9567,Light Eater,265
9650,Minion Damage and Life,266
9695,Armour and Elemental Resistances,267
9769,Spell Suppression and Energy Shield Recharge Rate,268
9786,Evasion and Movement Speed,269
9788,Nimbleness,270
9864,Growth and Decay,271
9877,Life,272
9976,Axe Damage,273
9995,Aura Area of Effect,274
10016,Executioner,275
10017,Attack Speed,276
10031,Life,277
10073,Armour and Guard Skill Cooldown Recovery,278
10115,Prodigal Perfection,279
10153,Physique,280
10221,Strength,281
10282,One Handed Melee Damage,282
10490,Intelligence,283
10511,Tolerance,284
10542,Spiked Bulwark,285
10555,Link Duration,286
10575,Intelligence,287
10594,Warcry Speed and Area of Effect,288
10763,Critical Strike Chance,289
10829,Dexterity,290
10835,Dreamer,291
10843,Projectile Damage,292
10851,Shield Damage,293
10893,Fire Damage,294
10904,Minion Life,295
11016,Physical and Elemental Damage,296
11018,Evasion and Energy Shield,297
11088,Life and Reduced Cost,298
11128,Avoid Interruption while Casting and Elemental Resistances,299
11162,Cold Damage Over Time Multiplier,300
11190,Totem Life and Physical Damage Reduction,301
11200,Corpse Life,302
11334,Intelligence,303
11364,Ailment Damage,304
11420,Arcanist's Dominion,305
11431,Totem Life and Physical Damage Reduction,306
11489,Dagger Critical Strike Chance and Multiplier,307
11497,Dexterity,308
11515,Two Handed Melee Damage and Area of Effect,309
11551,Intelligence,310
11568,Bleed Damage Multiplier,311
11645,Breath of Lightning,312
11651,Intelligence,313
11659,Avoid Interruption while Casting and Elemental Resistances,314
11678,Projectile Damage,315
11688,Spell Damage,316
11689,Shield Spell Damage and Spell Block,317
11700,Melee Area of Effect and Damage,318
11716,Mine Critical Strike Multiplier,319
11730,Endurance,320
11784,Vampirism,321
11792,Warcry Speed and Duration,322
11811,Poison Chance and Duration,323
11820,Anointed Flesh,324
11850,Blind Duration,325
11859,Strength,326
11924,Breath of Flames,327
11984,Chance to Poison with Spells,328
12068,Bow Damage and Attack Speed,329
12143,Influence,330
12189,Cast Speed and Spell Critical Strike Chance,331
12236,Attack Damage with Shield,332
12246,Energy Shield,333
12247,Damage with Life Cost Skills and Reduced Life Cost,334
12250,Energy Shield and Mana,335
12379,Lightning Damage and Cast Speed,336
12407,Axe Damage and Attack Speed,337
12412,Dexterity,338
12415,Attack Ignite Chance and Attack Speed,339
12439,Cold Damage and Freeze Chance,340
12536,Elemental Damage,341
12702,Path of the Warrior,342
12720,Sword Damage and Block,343
12769,Reservation Efficiency,344
12783,Critical Strike Multiplier per Power Charge,345
12794,Projectile Attack Critical Strike Chance and Multiplier,346
12795,Versatility,347
12801,Evasion and Life,348
12809,Berserking,349
12824,Trap Damage,350
12852,Elemental Damage,351
12878,Retaliation,352
12888,Mana Regeneration per Power Charge,353
12913,Mana,354
12948,Bow Critical Strike Chance and Multiplier,355
13009,Dexterity,356
13164,Divine Judgement,357
13168,Poison Damage and Cast Speed,358
13191,Skill Duration,359
13202,Cold Damage and Cold Ailment Effect,360
13231,Bow Attack Speed and Phasing,361
13232,Increased Energy Shield Leeched,362
13273,Bleed Chance,363
13322,Energy Shield,364
13498,Impale Chance,365
13559,Burning Damage Multiplier,366
13573,Dual Wield Attack and Cast Speed and Block,367
13714,Life,368
13753,Energy Shield,369
13782,Physical Damage,370
13807,Dual Wield Damage and Attack Speed,371
13885,Dexterity,372
13922,Steadfast,373
13961,Lightning Ailment Effect,374
14001,Unfaltering,375
14021,Intelligence,376
14040,Fire Damage,377
14056,Strength,378
14057,Life and Energy Shield,379
14090,Reduced Skill Duration,380
14151,Intelligence,381
14157,Dagger Critical Strike Chance,382
14182,Energy Shield,383
14209,Cold Ailment Duration,384
14211,Energy Shield,385
14292,Dexterity,386
14384,Maximum Fortification,387
14400,Flask Effect Duration,388
14419,Weapon Fire Damage,389
14606,Butchery,390
14665,Divine Wrath,391
14674,Faster Doom Gain,392
14745,Spell Area of Effect and Damage,393
14767,Fortification Gain,394
14804,Projectile Attack Critical Strike Chance,395
14813,Revelry,396
14930,Strength,397
14936,Life,398
15021,Shield Block and Elemental Resistances,399
15027,Beef,400
15046,Redemption,401
15064,Strength,402
15073,Life,403
15081,Minion Damage and Duration,404
15085,Ambidexterity,405
15086,Mace Damage and Critical Strike Chance,406
15117,Intelligence,407
15144,Attack Speed and Dexterity,408
15163,Mace Damage and Area of Effect,409
15167,Golem Life and Buff Effect,410
15228,Critical Strike Multiplier,411
15290,Watchtowers,412
15344,Freedom of Movement,413
15365,Area of Effect,414
15400,Skittering Runes,415
15405,Strength,416
15437,Deflection,417
15438,Two Handed Melee Damage and Stun Duration,418
15451,Warcry Speed and Cooldown Recovery,419
15549,Intelligence,420
15599,"Attack and Cast Speed, Accuracy",421
15614,Claws of the Hawk,422
15631,Strength,423
15678,Melee Critical Strike Multiplier,424
15711,Blast Radius,425
15716,Staff Critical Strike Chance and Multiplier,426
15837,Avoid Status Ailments,427
15842,One With Nature,428
15852,Ethereal Feast,429
15868,Life and Armour,430
15973,Brand Damage and Duration,431
16079,Evasion Per Frenzy Charge,432
16167,Dexterity,433
16213,Attack Speed per Frenzy Charge,434
16236,Toxic Strikes,435
16243,Fusillade,436
16380,Accuracy and Critical Strike Chance,437
16544,Dexterity,438
16602,Life Flasks and Flask Duration,439
16703,Skull Cracking,440
16743,Dual Wield Spell Damage and Movement Speed,441
16754,Staff Critical Strike Chance,442
16756,Axe Damage and Impale Chance,443
16775,Strength,444
16790,Spell Critical Strike Chance,445
16851,Bow Damage and Accuracy,446
16860,Physical Attack Damage,447
16882,Flask Effect Duration,448
16954,Critical Strike Chance per Power Charge,449
16970,Damage if Consumed a Corpse,450
17038,Stun Duration,451
17171,Flash Freeze,452
17201,Dexterity,453
17236,Energy Shield and Energy Shield Recharge Rate,454
17251,Armour and Energy Shield,455
17352,Mana and Life,456
17383,Mana and Aura Area of Effect,457
17412,Minion Life,458
17421,Mana and Flask Charges Gained,459
17546,Mana and Flasks,460
17566,Armour and Evasion,461
17569,Totem Critical Strike Chance,462
17579,Spell Damage,463
17608,Silent Steps,464
17674,Physical Damage,465
17735,Intelligence,466
17788,Flask Charges Gained,467
17790,Flask Charges Gained,468
17814,Evasion and Spell Suppression,469
17821,Mana Regeneration and Life,470
17833,Bleed Damage Multiplier,471
17849,Mine Damage,472
17908,Claw Damage and Attack Speed,473
17934,Attack Damage and Speed,474
18009,Melee Damage and Strike Range,475
18025,Hard Knocks,476
18033,Intelligence,477
18103,Dexterity,478
18174,Mystic Bulwark,479
18182,Intelligence,480
18302,Life,481
18359,Minion Block,482
18379,Mace Critical Strike Chance and Multiplier,483
18402,Life and Flasks,484
18661,Mine Damage and Reservation Efficiency,485
18670,Weapon Elemental Damage,486
18703,Graceful Assault,487
18707,One with Evil,488
18715,Fire Damage,489
18767,Energy Shield and Mana,490
18769,Written in Blood,491
18770,Spell Suppression,492
18865,Melding,493
18866,Cast Speed,494
18901,Melee Damage,495
18990,Staff Block,496
19008,Shield Spell Damage and Spell Block,497
19069,Thick Skin,498
19098,Wand Lightning Damage,499
19103,Righteous Army,500
19140,Totem Life and Placement Speed,501
19144,Sentinel,502
19210,Physical Damage,503
19228,Claw Ailment Damage and Poison Chance,504
19261,Warcry Cooldown Recovery,505
19287,Life and Life on Kill,506
19374,Energy Shield,507
19388,Axe Damage and Accuracy,508
19501,Intelligence,509
19506,Path of the Hunter,510
19609,Physical Damage Over Time Multiplier,511
19635,Intelligence,512
19679,Brand Range and Brand Recall Cooldown Recovery,513
19711,Dexterity,514
19730,Assured Strike,515
19782,Defences with Shield,516
19858,Herbalism,517
19884,Strength,518
19897,Death Attunement,519
19919,Spell Block,520
19939,Life,521
20010,Dexterity,522
20018,Axe Damage,523
20077,Hex Area of Effect and Faster Doom Gain,524
20127,Poison Damage Multiplier,525
20142,Totem Critical Strike Multiplier,526
20167,Dagger Ailment Damage and Poison Chance,527
20228,Mana Regeneration and Life,528
20310,Block,529
20467,Mace Critical Strike Chance and Multiplier,530
20528,Instability,531
20546,Intelligence,532
20551,Life,533
20807,Dexterity,534
20812,Evasion and Spell Suppression,535
20832,Sanctuary,536
20835,Brinkmanship,537
20844,Wand Attack Speed and Accuracy,538
20852,Fire and Cold Damage,539
20966,Mace Damage,540
20987,Elemental Damage,541
21033,Mana,542
21048,Link Duration and Cast Speed,543
21075,Area of Effect Damage,544
21170,Cold Ailment Effect,545
21228,Piercing Shots,546
21262,Elemental Damage,547
21297,High Explosives,548
21301,Strength,549
21330,Quick Recovery,550
21389,Runesmith,551
21413,Combat Stamina,552
21435,Cloth and Chain,553
21460,Breath of Rime,554
21575,Elemental Damage,555
21602,Destructive Apparatus,556
21634,Arcane Chemistry,557
21678,Intelligence,558
21693,Physical Damage and Attack and Cast Speed,559
21758,Frenzy Charge Duration,560
21835,Life,561
21929,Armour and Energy Shield,562
21934,Spell Damage,563
21958,Cruel Preparation,564
21973,Decay Ward,565
21974,Reservation Efficiency,566
22061,Mana,567
22062,Minion Damage and Duration,568
22090,Cold Damage,569
22217,Spell Suppression and Life Flask Recovery,570
22261,Dagger Damage and Attack Speed,571
22266,Dexterity,572
22285,Strength,573
22315,Mana Regeneration,574
22356,Hematophagy,575
22407,Wand Physical Damage and Attack Speed,576
22423,Dual Wield Damage,577
22472,Mana,578
22473,Energy Shield,579
22488,Trap Throwing Speed,580
22497,Cast Speed,581
22535,Whispers of Doom,582
22577,Block Recovery and Energy Shield,583
22618,Mana,584
22627,Life and Armour,585
22647,Ignite Chance,586
22702,Serpent Stance,587
22703,Strength,588
22728,Staff Elemental Damage and Penetration,589
22893,Skill Duration,590
22972,Wandslinger,591
23027,Strength,592
23038,Slaughter,593
23066,Savagery,594
23122,Projectile Damage,595
23185,Minion Damage and Accuracy,596
23199,Bleed Damage and Chance,597
23215,Curse Effect on You and Chaos Resistance,598
23334,Projectile Damage,599
23438,Life Flasks and Flask Duration,600
23439,Critical Strike Chance,601
23449,Poison Damage and Chance,602
23456,Mana and Life Regeneration,603
23471,Dexterity,604
23507,Attack and Cast Speed,605
23616,Physical and Chaos Damage,606
23659,Energy Shield,607
23690,Essence Infusion,608
23760,Physical Damage and Overwhelm,609
23852,Axe Damage,610
23881,Strength,611
23886,Attack Speed and Poison Duration,612
23912,Bow Damage and Attack Speed,613
23951,Movement Speed per Frenzy Charge,614
24050,Coldhearted Calculation,615
24067,Instinct,616
24083,Strength,617
24133,Survivalist,618
24155,Mace Critical Strike Chance,619
24157,Totem Damage and Placement Speed,620
24229,Staff Critical Strike Chance,621
24256,Dynamo,622
24324,Explosive Impact,623
24362,Deep Thoughts,624
24377,Attack Speed,625
24383,Warrior's Blood,626
24472,Skill Duration,627
24496,Dexterity,628
24641,Dual Wield Damage,629
24643,Attack Speed,630
24677,Mace Elemental Damage and Accuracy,631
24721,Ribcage Crusher,632
24772,Mace Damage and Area of Effect,633
24824,Minion Attack and Cast Speed,634
24858,Harpooner,635
24865,Strength,636
24872,Golem Life and Buff Effect,637
24914,Strength,638
25058,Blood Siphon,639
25067,Evasion and Life,640
25168,Physical Damage as Extra Fire Damage,641
25175,Melee Damage and Splash Area of Effect,642
25178,Primal Spirit,643
25209,Dual Wield Critical Strike Multiplier and Accuracy,644
25222,Minion Attack and Cast Speed,645
25237,Mana Regeneration and Reduced Mana Cost,646
25260,Life,647
25324,Attack Damage with Shield,648
25332,Minion Damage and Attack and Cast Speed,649
25367,Blade Master,650
25409,Indomitable Army,651
25411,Infused,652
25439,Undertaker,653
25456,Dervish,654
25511,Weapon Elemental Damage,655
25531,Strength,656
25682,Axe Damage,657
25714,Mana Regeneration and Increased Mana Cost,658
25732,Totem Attack and Cast Speed,659
25738,Mark the Prey,660
25757,Spell Critical Strike Chance,661
25766,Poison Damage Multiplier,662
25770,Trap Cooldown Recovery,663
25775,Claw Damage and Attack Speed,664
25781,Fortification Gain,665
25789,Energy Shield Leech,666
25796,Bleed Chance,667
25831,Reservation Efficiency,668
25933,Life,669
25970,Acrimony,670
26002,Critical Strike Chance against Marked Enemy,671
26023,Savage Wounds,672
26096,Hatchet Master,673
26188,Axe Damage and Critical Strike Chance,674
26270,Intelligence,675
26294,Bloodletting,676
26365,Attack Ignite Chance,677
26456,Mace Damage and Attack Speed,678
26471,Shock Avoidance,679
26481,Minion Damage and Life,680
26523,Strength,681
26528,Life and Elemental Ailment Avoidance,682
26557,Static Blows,683
26564,Vanquisher,684
26620,Corruption,685
26712,Armour,686
26740,Life Regeneration,687
26866,Sanctity,688
26960,Forethought,689
27119,Tribal Fury,690
27134,Mace Damage,691
27137,Sanctum of Thought,692
27140,Two Handed Melee Damage and Leech,693
27163,Arcane Will,694
27190,Hasty Reconstruction,695
27203,Heart and Soul,696
27276,Physical and Chaos Damage,697
27283,Dexterity,698
27301,Martial Experience,699
27308,Gravepact,700
27323,Shield Spell Block,701
27325,Damage against Marked Enemy,702
27415,Intelligence,703
27444,Totem Critical Strike Chance and Multiplier,704
27564,Intelligence,705
27575,Power Charge Duration,706
27592,Intelligence,707
27605,Fortification Gain,708
27611,Lord of the Dead,709
27656,Intelligence,710
27659,Dexterity,711
27709,Ignite Chance,712
27718,Attack Speed and Rage ,713
27788,Blood Drinker,714
27879,Wand Critical Strike Chance and Multiplier,715
27929,Deep Wisdom,716
27962,Trap Throwing Speed and Trigger Area,717
28012,Dexterity,718
28076,Mana and Mana Regeneration,719
28221,Attack Speed,720
28265,Mana and Mana Regeneration,721
28311,Life Leech Speed and Attack Speed,722
28330,Strength,723
28424,Mana and Mana on Kill,724
28503,Life Raker,725
28574,Dexterity,726
28658,Projectile Attack Critical Strike Chance,727
28753,Trap Damage,728
28754,Assassination,729
28758,Dagger Critical Strike Multiplier,730
28859,Reservation Efficiency,731
28878,Relentless,732
28887,Faster Ignite,733
29005,Armour and Energy Shield,734
29033,Brand Critical Strike Chance,735
29034,Two Handed Melee Damage and Stun Duration,736
29049,Holy Fire,737
29061,Elemental Damage,738
29089,Bow Damage and Evasion,739
29104,Mana and Flask Charges Gained,740
29106,Minion Damage and Attack and Cast Speed,741
29171,Minion Life,742
29185,Two Handed Melee Critical Strike Chance and Accuracy,743
29199,Intelligence,744
29292,Attack Speed and Rage ,745
29353,Strength,746
29359,Attack Damage and Leech,747
29379,Accuracy and Elemental Resistances,748
29381,Ravenous Horde,749
29454,Spell Suppression,750
29543,Axe Damage and Attack Speed,751
29547,Life Leech,752
29549,Mine Damage,753
29552,Wand Damage,754
29629,Chaos Damage,755
29781,Mana,756
29797,Melee Damage,757
29856,Sword Critical Strike Chance and Multiplier,758
29861,Explosive Runes,759
29870,Attack Speed,760
29933,Life,761
29937,Dexterity,762
30030,Axe Damage and Attack Speed,763
30110,Chaos Damage Over Time Multiplier,764
30155,Projectile Damage,765
30160,Fending,766
30205,Physical Damage,767
30225,Lightning Walker,768
30251,Axe Damage,769
30302,Hearty,770
30319,Trap Critical Strike Chance and Multiplier,771
30335,Melee Damage,772
30338,Damage Over Time,773
30380,Life and Elemental Resistances,774
30439,Lava Lash,775
30455,Projectile Attack Critical Strike Chance and Multiplier,776
30471,True Strike,777
30547,Mace Damage and Area of Effect,778
30626,Dual Wield Critical Strike Chance,779
30658,Minion Life and Elemental Resistances,780
30679,Dexterity,781
30691,Intelligence,782
30693,Divine Fervour,783
30733,Strength,784
30745,Claw Critical Strike Chance and Multiplier,785
30767,Curse Effect,786
30825,Totem Life and Physical Damage Reduction,787
30842,Two Handed Melee Accuracy,788
30894,Weapon Elemental Damage,789
30926,Wand Elemental Damage and Penetration,790
30969,Weapon Elemental Damage and Ailment Effect,791
31033,Robust,792
31080,Dexterity,793
31103,Minion Life and Physical Damage Reduction,794
31137,Charge on Kill,795
31153,Physical and Fire Damage,796
31222,Pierce,797
31257,Natural Authority,798
31315,Evasion and Life,799
31359,Fatal Toxins,800
31371,Mine Area of Effect,801
31462,Burning Damage Multiplier,802
31471,Life,803
31501,Trap Throwing Speed and Trigger Area,804
31508,Aspect of the Lynx,805
31513,Adjacent Animosity,806
31520,Totem Attack and Cast Speed,807
31583,Elemental Damage,808
31585,Careful Conservationist,809
31604,Faster Bleeding,810
31619,Dual Wield Spell Damage and Spell Block,811
31628,Melee Damage and Life,812
31758,Mana and Life Regeneration,813
31819,Mana and Reduced Mana Cost,814
31875,Strength,815
31928,Armour,816
31931,Strength,817
31973,Curse Effect,818
32024,Minion Life,819
32053,Melee Damage and Strike Range,820
32059,Titanic Impacts,821
32091,Evasion and Spell Suppression,822
32117,Life and Stun Avoidance,823
32176,Soul Thief,824
32210,Intelligence,825
32227,Adder's Touch,826
32245,Expertise,827
32314,Reservation Efficiency of Curse Skills,828
32345,Alacrity,829
32431,Lightning Damage,830
32432,Trap Critical Strike Chance and Multiplier,831
32455,Storm Weaver,832
32477,Weapon Elemental Damage and Ailment Effect,833
32480,Melee Damage,834
32482,Life Regeneration,835
32514,Bow Critical Strike Chance and Multiplier,836
32519,Axe Damage and Critical Strike Chance,837
32555,Dexterity,838
32690,Area of Effect per Endurance Charge,839
32710,Intelligence,840
32739,Accuracy,841
32802,Poison Damage Multiplier,842
32901,Damage against Cursed Enemies,843
32932,Sovereignty,844
32942,Wand Physical Damage and Attack Speed,845
33082,Razor's Edge,846
33089,Dual Wield Damage and Attack Speed,847
33196,Cold Damage,848
33287,Juggernaut,849
33296,Spell Damage,850
33310,Intelligence,851
33374,Chance for Extra Fork Projectile,852
33435,Holy Dominion,853
33479,Intelligence,854
33508,Fire Resistance,855
33545,Harrier,856
33558,Evasion and Movement Speed,857
33582,Forceful Skewering,858
33718,Champion of the Cause,859
33725,Swagger,860
33740,Strength,861
33755,Life,862
33777,Devastating Devices,863
33779,Totem Critical Strike Chance,864
33783,Intelligence,865
33864,Energy Shield,866
33903,Will of Blades,867
33911,Mine Duration,868
33923,Elemental Damage,869
33988,Melee Damage,870
34009,Master of the Arena,871
34031,Strength,872
34130,Melee Attack Speed,873
34144,Minion Damage,874
34157,Cast Speed,875
34171,Strength,876
34173,Overcharge,877
34191,Impale Effect,878
34207,Physical Damage,879
34306,Minion Spell Block,880
34327,Staff Accuracy,881
34400,Strength,882
34423,Damage Over Time Multiplier,883
34478,Energy Shield Recharge Rate,884
34506,Golem Commander,885
34510,Bow Damage Over Time,886
34513,Aura Effect,887
34560,Dual Wield Spell Damage and Movement Speed,888
34579,Critical Strike Chance,889
34591,Malicious Intent,890
34601,Proficiency,891
34625,Bow Accuracy,892
34661,Fire Walker,893
34666,Destroyer,894
34678,Life and Elemental Ailment Avoidance,895
34763,Chaos Damage Over Time Multiplier,896
34880,Minion Life,897
34906,Mana,898
34907,Mana,899
34959,Two Handed Melee Damage and Life Leech Speed,900
34973,Measured Fury,901
35035,Brand Recall Cooldown Recovery,902
35053,Sword Critical Strike Chance,903
35179,Movement Speed,904
35233,Discord Artisan,905
35260,Minion Damage,906
35283,Critical Strike Chance,907
35288,Armour,908
35334,Mine Critical Strike Chance and Multiplier,909
35362,Two Handed Melee Damage and Area of Effect,910
35384,Claw Damage and Attack Speed,911
35436,Kinetic Impacts,912
35503,Lightning Resistance,913
35507,Life Leech,914
35556,Strength,915
35568,"Armour, Evasion and Life",916
35663,Strong Arm,917
35685,Fearsome Force,918
35706,Energy Shield,919
35724,Damage and Mana,920
35737,Charge on Kill,921
35851,Accuracy and Critical Strike Chance,922
35894,Trickery,923
35910,Totem Life and Elemental Resistances,924
35958,Faith and Steel,925
35992,Mace Damage and Reduced Enemy Stun Threshold,926
36047,Life and Armour,927
36107,Reservation Efficiency of Heralds,928
36121,Lightning Damage,929
36200,Warcry Speed and Exerted Attack Damage,930
36221,Life,931
36222,Projectile Damage,932
36225,Claw Critical Strike Chance and Multiplier,933
36226,Cold Damage and Freeze Chance,934
36281,Primeval Force,935
36287,Dexterity,936
36371,Corpse Life,937
36412,Cold Damage,938
36452,Spell Critical Strike Multiplier,939
36490,Flaying,940
36542,Intelligence,941
36543,Strength,942
36585,Cold Damage,943
36678,Intelligence,944
36687,Avatar of the Hunt,945
36704,Life and Mana Leech,946
36736,Burning Brutality,947
36761,Attack Damage and Attack Speed with Shield,948
36774,Spell Damage,949
36801,Claw Ailment Damage and Poison Duration,950
36849,Attack Speed and Poison Duration,951
36858,Intelligence,952
36859,Steelwood Stance,953
36874,Wisdom of the Glade,954
36877,Trap Damage,955
36881,Cold Resistance,956
36915,Sacrifice,957
36949,Devotion,958
36972,Two Handed Attack Speed,959
37078,Path of the Savant,960
37163,Fire Damage and Cast Speed,961
37175,Damage if Consumed a Corpse,962
37326,Stamina,963
37403,Infused Flesh,964
37501,Melee Critical Strike Chance,965
37504,Intuition,966
37569,Intelligence,967
37575,Accuracy,968
37584,Endurance Charge Duration,969
37619,Evasion and Elemental Resistances,970
37639,Staff Damage and Stun Duration,971
37647,Dismembering,972
37663,Chaos Damage Over Time Multiplier,973
37671,Intelligence,974
37690,Mana,975
37785,Poison Damage Multiplier,976
37800,Life Leech,977
37884,Elemental Resistances,978
37887,Attack Damage and Leech,979
37895,Life Regeneration and Stun Threshold,980
37999,Intelligence,981
38023,Mace Damage and Reduced Enemy Stun Threshold,982
38048,Life Regeneration,983
38129,Damage and Energy Shield,984
38148,Cold Damage,985
38149,Bow Damage and Accuracy,986
38176,Intelligence,987
38190,Life and Energy Shield,988
38246,Presage,989
38344,Attack Speed,990
38348,Dexterity,991
38450,Area of Effect,992
38508,Endurance Charge Duration,993
38516,Righteous Decree,994
38520,Claw Critical Strike Multiplier,995
38538,Physical Damage and Overwhelm,996
38539,Physical Damage and Attack and Cast Speed,997
38662,Dexterity,998
38664,Melee Critical Strike Chance,999
38701,Energy Shield and Mana,1000
38772,Melee Damage and Strike Range,1001
38777,Melee Damage,1002
38789,Ignite Chance and Duration,1003
38805,Area of Effect,1004
38836,Armour and Energy Shield,1005
38849,Searing Heat,1006
38864,Dagger Damage and Attack Speed,1007
38900,Area of Effect,1008
38906,Armour and Energy Shield,1009
38922,Goliath,1010
38947,Chain Distance,1011
38989,Minion Damage,1012
38995,Life and Mana on Hit,1013
39023,Melee Critical Strike Chance,1014
39211,Physical Attack Damage,1015
39443,Dagger Critical Strike Chance and Leech,1016
39521,Wand Damage,1017
39524,Critical Ailment Damage Over Time Multiplier,1018
39530,Vitality Void,1019
39631,Armour and Energy Shield,1020
39648,Mana Regeneration and Life,1021
39657,Pain Forger,1022
39665,Bow Damage and Attack Speed,1023
39678,Armour,1024
39718,Dexterity,1025
39725,Attack Speed and Accuracy,1026
39743,Dark Arts,1027
39761,Counterweight,1028
39768,Accuracy,1029
39773,Projectile Damage,1030
39786,One Handed Melee Damage,1031
39814,Trap Cooldown Recovery,1032
39821,Evasion and Life,1033
39841,Intelligence,1034
39861,Dexterity,1035
39916,Strength,1036
39938,Bow Damage,1037
39986,Hex Master,1038
40075,Staff Spell Damage,1039
40100,Critical Strike Chance,1040
40126,Curse Effect,1041
40132,Evasion,1042
40135,Sword Damage,1043
40287,Critical Strikes against Blinded Enemies,1044
40291,Fire Damage and Area of Effect,1045
40362,Life,1046
40366,Intelligence,1047
40409,Mine Detonation Speed,1048
40508,Armour and Energy Shield,1049
40535,Melee Damage,1050
40609,Cold Damage,1051
40637,Minion Damage and Life,1052
40644,Elemental Damage,1053
40645,Bone Breaker,1054
40653,Strength,1055
40705,Cold Damage Over Time Multiplier,1056
40743,Crystal Skin,1057
40751,Mine Area of Effect,1058
40766,Endurance Charge Duration,1059
40776,Brand Damage,1060
40840,Wand Damage,1061
40841,Impale Chance and Physical Attack Damage,1062
40867,Strength,1063
40927,Area of Effect,1064
41026,Mana and Guard Skill Cooldown Recovery,1065
41047,Bow Area of Effect,1066
41082,Aura Area of Effect,1067
41119,Lethality,1068
41137,Field Medicine,1069
41190,Minion Damage and Life,1070
41250,Projectile Damage,1071
41251,Ailment Effect,1072
41380,Bow Attack Speed and Accuracy,1073
41420,Natural Remedies,1074
41472,Discipline and Training,1075
41476,Elder Power,1076
41536,Projectile Damage,1077
41595,Marked for Death,1078
41599,Staff Damage and Block,1079
41635,Intelligence,1080
41689,Physical and Chaos Damage,1081
41819,Life Leech,1082
41866,Dexterity,1083
41967,Mana,1084
41989,Resourcefulness,1085
42006,Mine Damage and Reservation Efficiency,1086
42009,Soul of Steel,1087
42041,Profane Chemistry,1088
42104,Accuracy and Attack Speed,1089
42133,Life Flask Charge Gain,1090
42161,Attack Ignite Chance and Attack Speed,1091
42436,Hex Area of Effect and Faster Doom Gain,1092
42443,Frenetic,1093
42485,Staff Spell Damage and Block,1094
42623,One Handed Damage,1095
42632,Totem Critical Strike Chance and Multiplier,1096
42637,Axe Damage and Attack Speed,1097
42649,Snowforged,1098
42668,Minion Attack and Cast Speed,1099
42686,Elemental Focus,1100
42720,Heavy Draw,1101
42731,Energy Shield,1102
42744,Mine Critical Strike Chance and Multiplier,1103
42760,Intelligence,1104
42795,Arcane Focus,1105
42800,Strength,1106
42804,Mind Drinker,1107
42837,Mana and Life Regeneration,1108
42900,Totem Damage and Placement Speed,1109
42907,Chaos Damage Over Time Multiplier,1110
42911,Strength,1111
42917,Whirling Barrier,1112
42964,Bow Damage,1113
42981,Mana Flasks,1114
43000,Mana and Spell Damage,1115
43057,Ignite Resistance,1116
43061,Shield Spell Block,1117
43133,Minion Damage and Accuracy,1118
43162,Projectile Damage,1119
43303,Two Handed Melee Damage,1120
43316,Physical Damage,1121
43328,Energy Shield Leech,1122
43374,Strength,1123
43385,Winter Spirit,1124
43412,Two Handed Melee Damage,1125
43413,Shield Block and Block Recovery,1126
43457,Evasion and Blind Effect,1127
43491,Flask Charges Used,1128
43514,Sword Accuracy and Critical Strike Chance,1129
43608,Dexterity,1130
43684,Damaging Ailment Duration,1131
43689,Spiritual Command,1132
43716,Minion Damage,1133
43787,Accuracy and Elemental Resistances,1134
43822,Mace Damage and Stun Duration,1135
43833,Warcry Cooldown Recovery,1136
44102,Efficient Explosives,1137
44103,Reflexes,1138
44134,Dagger Critical Strike Chance and Multiplier,1139
44183,Lightning Damage and Cast Speed,1140
44184,Intelligence,1141
44202,Strength,1142
44207,Testudo,1143
44306,Projectile Damage and Speed,1144
44339,Weapon Lightning Damage,1145
44347,Divine Fury,1146
44360,Minion Attack and Cast Speed,1147
44362,Chaos Damage and Withered Expiry Rate,1148
44429,Life and Elemental Resistances,1149
44529,"Attack and Cast Speed, Accuracy",1150
44562,Shaman's Dominion,1151
44606,Intelligence,1152
44624,Bleed Chance,1153
44683,SIX,1154
44723,Spell Critical Strike Chance,1155
44788,Inspiring Bond,1156
44799,Elemental Damage,1157
44824,Mysticism,1158
44908,Strength,1159
44922,Shield Damage and Defences,1160
44924,Intelligence,1161
44955,Frost Walker,1162
44967,Strength,1163
44983,Fire Damage,1164
44988,Wasting,1165
45033,Evasion and Phasing,1166
45035,Projectile Damage and Accuracy,1167
45067,Thrill Killer,1168
45227,Attack Speed,1169
45272,Physical and Chaos Damage and Life,1170
45317,"Ash, Frost and Storm",1171
45329,Trick Shot,1172
45341,Maximum Cold Resistance,1173
45360,Poison Chance and Damage,1174
45366,Totem Critical Strike Multiplier,1175
45436,"Weapon Elemental Damage, Status Ailment Chance",1176
45456,Spell Damage,1177
45486,Staff Critical Strike Chance and Multiplier,1178
45491,Attack Damage,1179
45593,Evasion and Life,1180
45608,Successive Detonations,1181
45680,Mana,1182
45788,Claw Attack Speed,1183
45803,Veteran Soldier,1184
45810,Poison Damage and Cast Speed,1185
45827,Trap Damage,1186
45838,Dexterity,1187
45887,Block,1188
46092,Intelligence,1189
46106,Bow Accuracy,1190
46111,Curse Effect,1191
46127,Mace Damage and Stun Duration,1192
46136,Evasion and Energy Shield,1193
46277,Dexterity,1194
46289,Damage Over Time,1195
46291,Totem Damage and Placement Speed,1196
46340,Intelligence,1197
46344,Bow Damage and Evasion,1198
46408,Fangs of the Viper,1199
46469,Lightning Damage and Shock Chance,1200
46471,Powerful Bond,1201
46578,Strength,1202
46636,Armour and Energy Shield,1203
46672,Staff Elemental Damage and Penetration,1204
46694,Evasion and Blind Effect,1205
46726,Mana and Reduced Mana Cost,1206
46730,Attack Damage with Shield,1207
46756,Stun Duration,1208
46842,Arcane Potency,1209
46896,Damage Over Time Multiplier and Life Regeneration,1210
46897,Armour and Energy Shield,1211
46904,Arcane Sanctuary,1212
46910,Strength,1213
46965,Saboteur,1214
47030,Projectile Damage,1215
47062,Spell Damage and Intelligence,1216
47065,Master of Blades,1217
47175,MARAUDER,1218
47251,Intelligence,1219
47306,Throatseeker,1220
47312,Elemental Damage and Resistances,1221
47321,Claw Critical Strike Chance and Accuracy,1222
47362,Life and Energy Shield on Kill,1223
47389,Physical Attack Damage and Life,1224
47421,Physical Damage Over Time Multiplier,1225
47422,Dagger Critical Strike Chance and Multiplier,1226
47426,Warcry Cooldown Recovery and Duration,1227
47427,Staff Damage and Stun Duration,1228
47471,Overcharged,1229
47484,Depth Perception,1230
47507,Spell Critical Strike Multiplier,1231
47743,Farsight,1232
47949,Chaos Damage,1233
48093,Dual Wield Cast Speed and Movement Skill Cooldown Recovery,1234
48099,Life and Stun Avoidance,1235
48109,Life Regeneration per Endurance Charge,1236
48118,Damage Over Time Multiplier,1237
48282,Staff Critical Strike Chance,1238
48287,Life,1239
48298,Insightfulness,1240
48362,Mana and Life,1241
48423,Mana,1242
48438,Bravery,1243
48477,Attack and Cast Speed,1244
48513,Physical Attack Damage,1245
48514,Mana and Mana Regeneration,1246
48556,Heart of Darkness,1247
48614,Fervour,1248
48698,Void Barrier,1249
48713,Minion Area of Effect,1250
48778,Intelligence,1251
48807,Art of the Gladiator,1252
48813,Shield Damage and Block,1253
48822,Life Regeneration,1254
48823,Deadly Draw,1255
48828,Physical Damage and Strength,1256
48878,Wand Attack Speed and Accuracy,1257
48971,Chaos Damage,1258
49047,Minion Resistances,1259
49109,Armour and Evasion,1260
49147,Armour and Guard Skill Cooldown Recovery,1261
49178,Strength,1262
49254,Retribution,1263
49308,Mana,1264
49318,Wrecking Ball,1265
49343,Block Chance and Attack Damage with Shield,1266
49379,Hired Killer,1267
49408,Evasion and Energy Shield,1268
49412,Strength,1269
49415,Sword Damage and Attack Speed,1270
49416,Adamant,1271
49445,Deep Breaths,1272
49459,King of the Hill,1273
49481,Mana on Hit,1274
49515,Spell Suppression and Energy Shield Recharge Rate,1275
49534,Staff Spell Damage and Spell Block,1276
49538,Defiance,1277
49547,Dual Wield Damage,1278
49568,Claw Critical Strike Chance and Multiplier,1279
49571,Axe Damage and Attack Speed,1280
49588,Lightning Damage and Shock Chance,1281
49605,Intelligence,1282
49621,Acuity,1283
49651,Intelligence,1284
49772,Utmost Might,1285
49779,Wand Damage,1286
49806,Dexterity,1287
49807,Accuracy,1288
49900,Dexterity,1289
49929,Spell Critical Strike Multiplier,1290
49969,Courage,1291
49971,Frenzy Charge Duration,1292
49978,Dexterity,1293
50029,Unnatural Calm,1294
50041,Physical Bow Damage,1295
50150,"Weapon Elemental Damage, Status Ailment Chance",1296
50197,Ancestral Knowledge,1297
50225,Mace Critical Strike Multiplier,1298
50264,Life Regeneration,1299
50306,"Armour, Evasion and Life",1300
50338,Ballistics,1301
50340,Elemental Resistances,1302
50360,Mana and Mana Regeneration,1303
50382,Dual Wield Cast Speed,1304
50422,Strength,1305
50459,RANGER,1306
50472,Wand Damage,1307
50515,Attack Damage while Fortified,1308
50570,Strength,1309
50690,Replenishing Remedies,1310
50826,Mana and Spell Block,1311
50858,Admonisher,1312
50862,Strength,1313
50904,Life and Armour,1314
50969,Melee Area of Effect and Damage,1315
50986,DUELIST,1316
51108,Arcane Capacitor,1317
51146,Wand Attack Speed and Accuracy,1318
51212,Entropy,1319
51213,Reservation Efficiency of Heralds,1320
51219,Energy Shield Leech,1321
51220,Physical and Chaos Damage,1322
51235,Chaos Resistance,1323
51291,Area of Effect,1324
51404,Weapon Cold Damage,1325
51420,Mana Leech,1326
51440,Druidic Rite,1327
51517,Minion Resistances,1328
51524,Wand Attack Speed and Accuracy,1329
51559,Smashing Strikes,1330
51748,Carrion,1331
51786,Dexterity,1332
51801,Spell Area of Effect and Damage,1333
51856,Physical Attack Damage,1334
51881,Master Fletcher,1335
51923,Intelligence,1336
51953,Forking Angle,1337
51954,Brand Critical Strike Chance,1338
52031,Disintegration,1339
52090,Feller of Foes,1340
52095,Stun Avoidance,1341
52099,Reduced Skill Duration,1342
52157,Soul Siphon,1343
52213,Sword Damage and Block,1344
52230,Weathered Hunter,1345
52288,Projectile Damage and Speed,1346
52412,Minion Life and Damage,1347
52423,Blind Chance,1348
52502,Elemental Damage,1349
52522,Mine Critical Strike Chance,1350
52632,Accuracy,1351
52655,Brand Duration,1352
52714,Prowess,1353
52848,Wand Critical Strike Chance and Multiplier,1354
52904,Dexterity,1355
53002,"Armour, Evasion and Onslaught Effect",1356
53013,Atrophy,1357
53018,Brand Damage and Duration,1358
53042,Exceptional Performance,1359
53114,Revenge of the Hunted,1360
53118,Barbarism,1361
53213,Dexterity,1362
53279,Intelligence,1363
53292,Impale Effect,1364
53324,Evasion and Phasing,1365
53456,Intelligence,1366
53493,Annihilation,1367
53558,Shield Damage and Block,1368
53573,Arcane Expanse,1369
53574,Curse Cast Speed,1370
53677,Minion Accuracy,1371
53732,Cold Damage Over Time Multiplier,1372
53757,Shamanistic Fury,1373
53791,Melee Damage and Splash Area of Effect,1374
53793,Strength,1375
53802,Essence Extraction,1376
53945,Staff Accuracy,1377
53957,Staff Critical Strike Chance and Multiplier,1378
53987,Warcry Buff Effect,1379
54043,Wand Elemental Damage and Penetration,1380
54142,Finesse,1381
54144,Dual Wield Attack and Cast Speed and Block,1382
54267,Minion Damage and Accuracy,1383
54268,Blade Barrier,1384
54338,Physical Damage,1385
54354,Sword Damage,1386
54396,Burning Damage Multiplier,1387
54447,WITCH,1388
54452,Increased Energy Shield Leeched,1389
54574,Trap Trigger Area,1390
54629,Inexorable,1391
54657,Cast Speed,1392
54667,Staff Block,1393
54694,Light of Divinity,1394
54713,Force Shaper,1395
54776,Mana Flows,1396
54791,Claws of the Magpie,1397
54868,Bow Damage,1398
54872,Mana Leech,1399
54954,Curse Effect on You and Chaos Resistance,1400
54974,Trap Trigger Area,1401
55085,Armour and Evasion,1402
55114,Utmost Intellect,1403
55166,Sword Damage and Attack Speed,1404
55247,Life and Energy Shield,1405
55307,Ignite Avoidance,1406
55332,Intelligence,1407
55373,Life and Strength,1408
55380,Clever Construction,1409
55392,Armour and Evasion,1410
55414,Dagger Damage,1411
55485,Constitution,1412
55558,Life on Kill against Cursed Enemies,1413
55563,Minion Life Regeneration,1414
55571,Aura Effect,1415
55643,Energy Shield,1416
55647,Lightning Damage,1417
55648,Totem Damage and Attack Speed,1418
55649,Strength,1419
55676,Life and Armour,1420
55743,Spell Block,1421
55750,Bow Critical Strike Chance and Multiplier,1422
55772,Blacksmith's Clout,1423
55804,Life Recoup,1424
55854,Physical Damage,1425
55866,Elemental Damage and Resistances,1426
55906,Life Regeneration,1427
55926,Staff Damage and Block,1428
55993,Elemental Damage,1429
56001,Strength,1430
56029,Agility,1431
56066,Wand Elemental Damage,1432
56090,Evasion and Energy Shield,1433
56094,One with the River,1434
56149,Accuracy and Attack Damage,1435
56153,Spell Damage,1436
56158,Spell Damage per Power Charge,1437
56174,Dagger Damage and Attack Speed,1438
56186,Cold Damage Over Time Multiplier,1439
56231,Dual Wield Damage and Block,1440
56276,Nightstalker,1441
56295,Intelligence,1442
56355,Melee Critical Strike Chance,1443
56359,Cannibalistic Rite,1444
56370,Attack Damage while Fortified,1445
56381,Two Handed Melee Damage and Attack Speed,1446
56460,Melee Critical Strike Multiplier,1447
56509,Sword Damage and Block,1448
56589,Dexterity,1449
56646,Weapon Elemental Damage,1450
56648,Claws of the Falcon,1451
56671,Chaos Damage and Withered Expiry Rate,1452
56716,Heart of Thunder,1453
56803,Attack Speed,1454
56807,Block,1455
56814,Evasion,1456
56855,Bow Attack Speed and Phasing,1457
56982,Stun Threshold Reduction,1458
57011,Stun Duration per Endurance Charge,1459
57030,Poison Chance and Damage,1460
57044,Bleed Avoidance,1461
57061,Mana,1462
57080,Accuracy and Attack Speed,1463
57167,Mana and Arcane Surge Effect,1464
57199,Fangs of Frost,1465
57226,Energy Shield and Mana,1466
57240,Mana and Flask Effect,1467
57248,Attack and Cast Speed,1468
57259,Mana Flask Charge Gain,1469
57264,Spell Damage and Mana,1470
57266,Mace Damage and Reduced Enemy Stun Threshold,1471
57362,Lightning Damage,1472
57449,Evasion per Frenzy Charge,1473
57457,Dual Wield Attack and Cast Speed,1474
57565,Link Mana Cost,1475
57615,Mine Throwing Speed,1476
57736,Aura Effect,1477
57746,Avoidance,1478
57819,Bow Attack Speed and Accuracy,1479
57839,Blade of Cunning,1480
57900,Command of Steel,1481
57923,Stun Duration,1482
57953,Axe Damage and Attack Speed,1483
57992,Warcry Cooldown Recovery and Area of Effect,1484
58032,Serpentine Spellslinger,1485
58069,One Handed Damage,1486
58198,Fingers of Frost,1487
58210,Shield Spell Damage,1488
58218,Purity of Flesh,1489
58244,Intelligence,1490
58271,Life and Elemental Ailment Avoidance,1491
58288,Totem Attack and Placement Speed,1492
58402,Intelligence,1493
58449,Born to Fight,1494
58453,Elemental Damage,1495
58474,Physical Damage as Extra Cold Damage,1496
58541,Mace Damage,1497
58545,Mana and Aura Area of Effect,1498
58603,Freeze Chance,1499
58604,Lightning Damage,1500
58649,Evasion and Energy Shield,1501
58763,Cold and Lightning Damage,1502
58803,Two Handed Melee Critical Strike Chance and Accuracy,1503
58831,Disemboweling,1504
58833,Seven,1505
58854,Evasion,1506
58921,Disciple of the Slaughter,1507
58968,Chaos Damage Over Time Multiplier,1508
59005,Elemental Damage,1509
59009,Mana,1510
59016,Dual Wield Block and Attack Speed,1511
59070,Brand Range and Brand Recall Cooldown Recovery,1512
59151,Brutal Blade,1513
59220,Critical Strike Chance,1514
59252,Dexterity,1515
59306,Physical Damage,1516
59370,Dexterity,1517
59482,Life Regeneration,1518
59494,Accuracy and Critical Strike Chance,1519
59556,Expeditious Munitions,1520
59605,Unstable Munitions,1521
59606,Dexterity,1522
59650,Energy Shield and Mana Regeneration,1523
59699,Energy Shield Leech,1524
59718,"Armour, Evasion and Life",1525
59728,Area of Effect Damage,1526
59766,Dirty Techniques,1527
59861,Life Regeneration,1528
59866,Entrench,1529
59928,Strength,1530
60002,Fury Bolts,1531
60031,Prismatic Skin,1532
60090,Energy Shield,1533
60153,Physical Attack Damage,1534
60169,Two Handed Melee Damage,1535
60180,Thief's Craft,1536
60204,Evasion and Spell Suppression,1537
60259,Evasion and Energy Shield,1538
60388,Mana,1539
60398,Intelligence,1540
60405,Spell Critical Strike Chance,1541
60440,Intelligence,1542
60472,Strength,1543
60501,Heart of Flame,1544
60529,Impale Chance,1545
60532,Movement Speed,1546
60554,Minion Damage,1547
60592,Accuracy and Critical Strike Chance,1548
60619,Galvanic Hammer,1549
60648,Mana Flasks,1550
60737,Sleight of Hand,1551
60803,Evasion,1552
60887,Bleed Chance,1553
60942,Dexterity,1554
60949,Trap and Mine Damage,1555
60989,Herald Buff Effect,1556
61039,Panopticon,1557
61050,Sword Critical Strike Multiplier,1558
61198,Heart of the Warrior,1559
61217,Elemental Damage,1560
61262,Strength,1561
61264,Lightning Damage and Shock Chance,1562
61306,Dexterity,1563
61308,Amplify,1564
61320,Life and Energy Shield,1565
61327,Weapon Cold Damage,1566
61388,Impale Chance with Two Handed Weapons,1567
61471,Life,1568
61525,TEMPLAR,1569
61602,Warcry Speed,1570
61636,Melee Critical Strike Chance,1571
61653,Life and Energy Shield,1572
61689,Explosive Elements,1573
61804,Fire Damage,1574
61868,Armour,1575
61875,Life and Life on Kill,1576
61950,Mace Elemental Damage and Accuracy,1577
61981,Doom Cast,1578
61982,Grave Intentions,1579
62017,Life and Armour,1580
62021,Life,1581
62042,Sword Damage,1582
62069,Elemental Damage,1583
62094,Taste for Blood,1584
62103,Projectile Damage and Dexterity,1585
62108,Life Leech and Attack Speed,1586
62214,Shield Spell Block and Elemental Resistances with a Shield,1587
62217,Wand Attack Speed and Accuracy,1588
62303,Mana and Reduced Mana Cost,1589
62319,Melee Damage,1590
62363,Strength,1591
62429,Strength,1592
62490,Poison Avoidance,1593
62577,Essence Surge,1594
62662,Physical Damage,1595
62694,Attack Speed,1596
62697,Shock Chance,1597
62712,Projectile Damage,1598
62744,Spell Suppression,1599
62767,Spell Block and Elemental Resistances,1600
62795,Evasion and Energy Shield,1601
62831,Physical and Chaos Damage,1602
62970,Shield Cast Speed,1603
63027,Exerted Attack Damage,1604
63033,Bannerman,1605
63039,Herald Buff Effect,1606
63048,Life and Armour,1607
63067,Wand Damage and Attack Speed,1608
63138,Spell Block and Elemental Resistances,1609
63139,Strength,1610
63150,Ironwood,1611
63194,Reservation Efficiency,1612
63207,Tempest Blast,1613
63228,Mana,1614
63251,Inveterate,1615
63282,Strength,1616
63398,Spell Critical Strike Chance,1617
63422,Lust for Carnage,1618
63439,Dexterity,1619
63447,Intelligence,1620
63618,Totem Damage and Placement Speed,1621
63635,Primal Manifestation,1622
63639,Damage and Energy Shield,1623
63649,Dexterity,1624
63723,Strength,1625
63727,Gladiator's Perseverance,1626
63795,Dexterity,1627
63799,Life and Energy Shield,1628
63843,Dexterity,1629
63845,Cast Speed,1630
63921,Utmost Swiftness,1631
63933,Totemic Zeal,1632
63944,Prism Weave,1633
63963,Cold Damage,1634
63965,Damage and Mana,1635
63976,Shaper,1636
64024,Sword Critical Strike Multiplier,1637
64077,Warrior Training,1638
64181,Warcry Area of Effect,1639
64210,Intelligence,1640
64221,Armour,1641
64235,Evasion and Elemental Resistances,1642
64239,Wand Physical Damage,1643
64241,Freeze and Chill Avoidance,1644
64265,Aura Area of Effect,1645
64355,Brand Equity,1646
64395,Blunt Trauma,1647
64401,Life on Kill against Cursed Enemies,1648
64426,Elemental Resistances with a Shield,1649
64501,Evasion and Energy Shield,1650
64509,Dagger Ailment Damage,1651
64587,Life,1652
64612,Wand Lightning Damage,1653
64709,Dexterity,1654
64769,Poison Chance,1655
64816,Two Handed Melee Damage and Leech,1656
64878,Weapon Elemental Damage,1657
64882,Disciple of the Unyielding,1658
65033,Attack Speed,1659
65034,Life,1660
65053,Essence Sap,1661
65093,Bladedancer,1662
65097,Leadership,1663
65107,Bastion Breaker,1664
65108,Tireless,1665
65112,Maximum Fortification,1666
65159,Totem Attack and Cast Speed,1667
65167,Life,1668
65203,Mana and Mana Regeneration,1669
65210,Heart of Oak,1670
65224,Aspect of the Eagle,1671
65273,Enigmatic Reach,1672
65308,Diamond Skin,1673
65400,Warcry Cooldown Recovery and Exerted Attack Damage,1674
65456,Knockback Distance,1675
65485,Armour per Endurance Charge,1676
65502,Heartseeker,1677
